"IG","Tuple.1","Tuple.2"
16.533561706543,1,6
14.7951812744141,2,6
13.8034515380859,3,10
10.2546768188477,4,5
12.6503524780273,4,5
14.6409225463867,1,6
10.5576095581055,3,7
4.59622955322266,5,8
6.44461059570312,4,9
12.8143081665039,3,10
