"IG","Tuple.1","Tuple.2"
13.2227554321289,1,3
12.4625396728516,1,2
8.53554534912109,1,3
